rank,contractor,2026-01-15,2026-01-16,2026-01-17,2026-01-18,2026-01-19,2026-01-20,2026-01-21,2026-01-22,2026-01-23,2026-01-24,2026-01-25
1,TURNER,0,0,0,0,0,0,0,0,0,0,0
2,BECHTEL,1,1,1,1,1,1,1,1,1,1,1
3,MASTEC,1,1,1,1,1,1,1,1,1,1,1
4,KIEWIT,1,1,1,1,1,1,1,1,1,1,1
5,STO BUILDING,0,0,0,0,0,0,0,0,0,0,0
6,DPR CONSTRUCTION,1,1,1,1,1,1,1,1,1,1,1
7,WHITING-TURNER CONTRACTING,0,0,0,0,0,0,0,0,0,0,0
8,FLUOR,1,1,1,1,1,1,1,1,1,1,1
9,CLARK GROUP,1,0,0,0,0,0,0,0,0,0,0
10,SKANSKA USA,1,1,1,1,1,1,1,1,1,1,1
11,HENSEL PHELPS,1,1,1,1,1,1,1,1,1,1,1
12,GILBANE BUILDING,1,1,1,1,1,1,1,1,1,1,1
13,PCL CONSTRUCTION,1,1,1,1,1,1,1,1,1,1,1
14,AECOM,1,1,1,1,1,1,1,1,1,1,1
15,WALSH GROUP,1,1,1,1,1,1,1,1,1,1,1
16,JE DUNN CONSTRUCTION,1,1,1,1,1,1,1,1,1,1,1
17,ARCO CONSTRUCTION,1,1,1,1,1,1,1,1,1,1,1
18,HITT CONTRACTING,1,1,1,1,1,1,1,1,1,1,1
19,MCCARTHY HOLDINGS,1,1,1,1,1,1,1,1,1,1,1
20,CLAYCO,1,1,1,1,1,1,1,1,1,1,1
21,BRASFIELD & GORRIE,1,0,0,0,0,0,0,0,0,0,0
22,MORTENSON,1,1,1,1,1,1,1,1,1,1,1
23,TUTOR PERINI,1,1,1,1,1,1,1,1,1,1,1
24,SUFFOLK CONSTRUCTION,1,1,1,1,1,1,1,1,1,1,1
25,BARTON MALOW,1,1,1,1,1,1,1,1,1,1,1
26,BALFOUR BEATTY US,1,1,1,1,1,1,1,1,1,1,1
27,HOLDER CONSTRUCTION,1,1,1,1,1,1,1,1,1,1,1
28,RYAN COMPANIES,1,1,1,1,1,1,1,1,1,1,1
29,SWINERTON,1,1,1,1,1,1,1,1,1,1,1
30,HOFFMAN CONSTRUCTION,1,1,1,1,1,1,1,1,1,1,1
31,BURNS & MCDONNELL,0,0,0,0,0,0,0,0,0,0,0
32,MICHELS,1,1,1,1,1,1,1,1,1,1,1
33,ZACHRY GROUP,1,1,1,1,1,1,1,1,1,1,1
34,WALBRIDGE,1,1,1,1,1,1,1,1,1,1,1
35,DRAGADOS,1,1,1,1,1,1,1,1,1,1,1
36,GRANITE CONSTRUCTION,1,1,1,1,1,1,1,1,1,1,1
37,GRAY CONSTRUCTION,1,0,0,0,0,0,0,0,0,0,0
38,AUSTIN INDUSTRIES,0,0,0,0,0,0,0,0,0,0,0
39,ALBERICI-FLINTCO,0,0,0,0,0,0,0,0,0,0,0
40,YATES CONSTRUCTION,1,1,1,1,1,1,1,1,1,1,1
41,CONSIGLI BUILDING,1,0,0,0,0,0,0,0,0,0,0
42,BLACK & VEATCH,0,0,0,0,0,0,0,0,0,0,0
43,BIG-D CONSTRUCTION,1,0,0,0,0,0,0,0,0,0,0
44,MOSS,1,1,1,1,1,1,1,1,1,1,1
45,TURNER INDUSTRIES,1,1,1,1,1,1,1,1,1,1,1
46,DEVCON CONSTRUCTION,1,0,0,0,0,0,0,0,0,0,0
47,FERROVIAL CONSTRUCTION US,1,1,1,1,1,1,1,1,1,1,1
48,ALSTON CONSTRUCTION,1,1,1,1,1,1,1,1,1,1,1
49,FLATIRON CONSTRUCTION,1,1,1,1,1,1,1,1,1,1,1
50,CONLAN COMPANY,1,0,0,0,0,0,0,0,0,0,0
51,STERLING INFRASTRUCTURE,0,0,0,0,0,0,0,0,0,0,0
52,PEPPER CONSTRUCTION,1,1,1,1,1,1,1,1,1,1,1
53,LENDLEASE,1,1,1,1,1,1,1,1,1,1,1
54,FCL BUILDERS,1,1,1,1,1,1,1,1,1,1,1
55,FORTIS CONSTRUCTION,1,0,0,0,0,0,0,0,0,0,0
56,EVANS GENERAL,1,1,1,1,1,1,1,1,1,1,1
57,MIRON CONSTRUCTION,1,1,1,1,1,1,1,1,1,1,1
58,HARVEY CLEARY,0,1,1,1,1,1,1,1,1,1,1
59,HASKELL,1,1,1,1,1,1,1,1,1,1,1
60,KOKOSING,0,1,1,1,1,1,1,1,1,1,1
61,ROBINS & MORTON,0,0,0,0,0,0,0,0,0,0,0
62,SUNDT CONSTRUCTION,1,1,1,1,1,1,1,1,1,1,1
63,CHOATE CONSTRUCTION,1,1,1,1,1,1,1,1,1,1,1
64,CLUNE CONSTRUCTION,1,1,1,1,1,1,1,1,1,1,1
65,AMES CONSTRUCTION,1,1,1,1,1,1,1,1,1,1,1
66,J.T. MAGEN,0,0,0,0,0,0,0,0,0,0,0
67,E.E. REED CONSTRUCTION,0,0,0,0,0,0,0,0,0,0,0
68,HUNTER ROBERTS CONSTRUCTION,1,1,1,1,1,1,1,1,1,1,1
69,CORE CONSTRUCTION,1,1,1,1,1,1,1,1,1,1,1
70,MANHATTAN CONSTRUCTION,1,1,1,1,1,1,1,1,1,1,1
71,GARNEY,1,1,1,1,1,1,1,1,1,1,1
72,WEITZ COMPANY,1,1,1,1,1,1,1,1,1,1,1
73,MESSER CONSTRUCTION,1,1,1,1,1,1,1,1,1,1,1
74,F.A. WILHELM CONSTRUCTION,1,0,0,0,0,0,0,0,0,0,0
75,POWER CONSTRUCTION,1,1,1,1,1,1,1,1,1,1,1
76,HATHAWAY DINWIDDIE CONSTRUCTION,1,0,0,0,0,0,0,0,0,0,0
77,BOLDT,1,1,1,1,1,1,1,1,1,1,1
78,OKLAND CONSTRUCTION,1,1,1,1,1,1,1,1,1,1,1
79,MCSHANE,1,1,1,1,1,1,1,1,1,1,1
80,BRINKMANN,1,1,1,1,1,1,1,1,1,1,1
81,LANE INDUSTRIES,1,0,0,0,0,0,0,0,0,0,0
82,ADOLFSON & PETERSON CONSTRUCTION,0,0,0,0,0,0,0,0,0,0,0
83,CONSTRUCTION PARTNERS,1,0,0,0,0,0,0,0,0,0,0
84,SAMET,1,1,1,1,1,1,1,1,1,1,1
85,CHRISTMAN,1,1,1,1,1,1,1,1,1,1,1
86,SUMMIT CONTRACTING,1,1,1,1,1,1,1,1,1,1,1
87,ALLAN MYERS,1,1,1,1,1,1,1,1,1,1,1
88,OHLA USA,1,1,1,1,1,1,1,1,1,1,1
89,SHAWMUT DESIGN AND CONSTRUCTION,0,1,1,1,1,1,1,1,1,1,1
90,DAY & ZIMMERMANN,0,0,0,0,0,0,0,0,0,0,0
91,CROSSLAND CONSTRUCTION,1,1,1,1,1,1,1,1,1,1,1
92,S&B ENGINEERS,0,0,0,0,0,0,0,0,0,0,0
93,BNBUILDERS,1,1,1,1,1,1,1,1,1,1,1
94,PJ DICK,1,1,1,1,1,1,1,1,1,1,1
96,CIANBRO,0,1,1,1,1,1,1,1,1,1,1
97,SOUTHLAND,1,1,1,1,1,1,1,1,1,1,1
98,BL HARBERT INTERNATIONAL,1,1,1,1,1,1,1,1,1,1,1
99,TEICHERT CONSTRUCTION,1,0,0,0,0,0,0,0,0,0,0
100,LEVEL 10 CONSTRUCTION,1,0,0,0,0,0,0,0,0,0,0
101,CBRE,1,1,1,1,1,1,1,1,1,1,1
102,NABHOLZ,1,1,1,1,1,1,1,1,1,1,1
103,KPRS CONSTRUCTION,1,0,0,0,0,0,0,0,0,0,0
104,BLUE RIDGE POWER,1,1,1,1,1,1,1,1,1,1,1
105,RUDOLPH LIBBE,0,1,1,1,1,1,1,1,1,1,1
106,VINCI CONSTRUCTION USA,0,0,0,0,0,0,0,0,0,0,0
107,HOAR CONSTRUCTION,1,1,1,1,1,1,1,1,1,1,1
108,CRB,1,1,1,1,1,1,1,1,1,1,1
109,ANDERSEN CONSTRUCTION,1,0,0,0,0,0,0,0,0,0,0
110,WEBCOR,1,1,1,1,1,1,1,1,1,1,1
111,GRAHAM CONSTRUCTION,1,1,1,1,1,1,1,1,1,1,1
112,J.H. FINDORFF,1,0,0,0,0,0,0,0,0,0,0
113,LECHASE CONSTRUCTION,1,1,1,1,1,1,1,1,1,1,1
114,WEEKS MARINE,0,0,0,0,0,0,0,0,0,0,0
115,JRM CONSTRUCTION MANAGEMENT,1,1,1,1,1,1,1,1,1,1,1
116,MCGOUGH,1,1,1,1,1,1,1,1,1,1,1
117,HERZOG,1,0,0,0,0,0,0,0,0,0,0
118,APTIM,1,1,1,1,1,1,1,1,1,1,1
119,BECK GROUP,1,1,1,1,1,1,1,1,1,1,1
120,OLTMANS CONSTRUCTION,1,1,1,1,1,1,1,1,1,1,1
121,CATAMOUNT CONSTRUCTORS,1,1,1,1,1,1,1,1,1,1,1
122,BUILD GROUP,1,1,1,1,1,1,1,1,1,1,1
123,JINGOLI,1,1,1,1,1,1,1,1,1,1,1
124,JAMES G. DAVIS CONSTRUCTION,1,1,1,1,1,1,1,1,1,1,1
125,ASRC INDUSTRIAL,1,0,0,0,0,0,0,0,0,0,0
126,IPS-INTEGRATED PROJECT,1,0,0,0,0,0,0,0,0,0,0
127,JAMES R. VANNOY & SONS CONSTRUCTION,1,0,0,0,0,0,0,0,0,0,0
128,PENTA BUILDING,1,1,1,1,1,1,1,1,1,1,1
129,WILLMENG CONSTRUCTION,1,1,1,1,1,1,1,1,1,1,1
130,ENGINEERED STRUCTURES,1,1,1,1,1,1,1,1,1,1,1
131,CLANCY & THEYS CONSTRUCTION,0,0,0,0,0,0,0,0,0,0,0
132,JACOBSEN CONSTRUCTION,1,0,0,0,0,0,0,0,0,0,0
133,EXYTE AMERICAS,1,0,0,0,0,0,0,0,0,0,0
134,JOERIS GENERAL,1,1,1,1,1,1,1,1,1,1,1
135,SATTERFIELD & PONTIKES CONSTRUCTION,0,0,0,0,0,0,0,0,0,0,0
136,HILLWOOD CONSTRUCTION,1,1,1,1,1,1,1,1,1,1,1
137,BARTLETT COCKE GENERAL,1,1,1,1,1,1,1,1,1,1,1
138,DENNIS GROUP,1,1,1,1,1,1,1,1,1,1,1
139,RYCON CONSTRUCTION,1,1,1,1,1,1,1,1,1,1,1
140,FERREIRA CONSTRUCTION,1,1,1,1,1,1,1,1,1,1,1
141,XL CONSTRUCTION,1,0,0,0,0,0,0,0,0,0,0
142,TRAYLOR CONSTRUCTION,1,0,0,0,0,0,0,0,0,0,0
143,F.H. PASCHEN,0,0,0,0,0,0,0,0,0,0,0
144,ROGERS-O,1,0,0,0,0,0,0,0,0,0,0
145,GOODFELLOW BROS,1,1,1,1,1,1,1,1,1,1,1
146,MILLIE AND SEVERSON GENERAL,1,0,0,0,0,0,0,0,0,0,0
147,HANOVER,1,1,1,1,1,1,1,1,1,1,1
148,MATRIX,1,1,1,1,1,1,1,1,1,1,1
149,KAST CONSTRUCTION,1,1,1,1,1,1,1,1,1,1,1
150,SHIMMICK,1,1,1,1,1,1,1,1,1,1,1
151,PARIC,1,1,1,1,1,1,1,1,1,1,1
152,VCC,1,1,1,1,1,1,1,1,1,1,1
153,H&M,0,0,0,0,0,0,0,0,0,0,0
154,ORION GROUP,1,0,0,0,0,0,0,0,0,0,0
155,C D SMITH CONSTRUCTION,0,0,0,0,0,0,0,0,0,0,0
156,LEASE CRUTCHER LEWIS,1,1,1,1,1,1,1,1,1,1,1
157,ECC,1,1,1,1,1,1,1,1,1,1,1
158,STACY AND WITBECK,0,0,0,0,0,0,0,0,0,0,0
159,TORCON,0,0,0,0,0,0,0,0,0,0,0
160,WHARTON-SMITH,0,0,0,0,0,0,0,0,0,0,0
161,WEIS,1,1,1,1,1,1,1,1,1,1,1
162,PHILLIPS INFRASTRUCTURE,1,0,0,0,0,0,0,0,0,0,0
163,CADDELL CONSTRUCTION,1,0,0,0,0,0,0,0,0,0,0
164,BILFINGER NORTH AMERICA,1,0,0,0,0,0,0,0,0,0,0
165,BARNARD CONSTRUCTION,1,1,1,1,1,1,1,1,1,1,1
166,KAJIMA BUILDING & DESIGN,0,0,0,0,0,0,0,0,0,0,0
167,WOOD PLC,1,1,1,1,1,1,1,1,1,1,1
168,TRUEBECK CONSTRUCTION,1,0,0,0,0,0,0,0,0,0,0
169,COASTAL CONSTRUCTION,1,1,1,1,1,1,1,1,1,1,1
170,MCCOWNGORDON CONSTRUCTION,1,0,0,0,0,0,0,0,0,0,0
171,BOZZUTO CONSTRUCTION,1,1,1,1,1,1,1,1,1,1,1
172,DELLBROOK|JKS,0,0,0,0,0,0,0,0,0,0,0
173,ANDERSON COLUMBIA,1,1,1,1,1,1,1,1,1,1,1
174,SAULSBURY,1,1,1,1,1,1,1,1,1,1,1
175,GREAT LAKES DREDGE & DOCK,0,0,0,0,0,0,0,0,0,0,0
176,KRAUS-ANDERSON,1,1,1,1,1,1,1,1,1,1,1
177,SPAWGLASS,1,1,1,1,1,1,1,1,1,1,1
178,UNITED ENGINEERS,1,0,0,0,0,0,0,0,0,0,0
179,KITCHELL,1,1,1,1,1,1,1,1,1,1,1
180,SELLEN CONSTRUCTION,1,0,0,0,0,0,0,0,0,0,0
181,WILLIAMS BROTHERS CONSTRUCTION,1,0,0,0,0,0,0,0,0,0,0
182,COMMERCIAL CONTRACTING,1,0,0,0,0,0,0,0,0,0,0
183,FCI CONSTRUCTORS,1,1,1,1,1,1,1,1,1,1,1
184,STELLAR,1,1,1,1,1,1,1,1,1,1,1
185,SUPERIOR CONSTRUCTION,1,1,1,1,1,1,1,1,1,1,1
186,SAUNDERS CONSTRUCTION,1,1,1,1,1,1,1,1,1,1,1
187,BATSON-COOK CONSTRUCTION,1,0,0,0,0,0,0,0,0,0,0
188,PEINADO CONSTRUCTION,1,1,1,1,1,1,1,1,1,1,1
189,LANDMARK CONSTRUCTION,1,1,1,1,1,1,1,1,1,1,1
190,BARNHILL CONTRACTING,1,1,1,1,1,1,1,1,1,1,1
191,OPUS GROUP,0,0,0,0,0,0,0,0,0,0,0
192,LEE LEWIS CONSTRUCTION,1,0,0,0,0,0,0,0,0,0,0
193,GLY CONSTRUCTION,1,1,1,1,1,1,1,1,1,1,1
194,ARCH-CON,1,1,1,1,1,1,1,1,1,1,1
195,LAS VEGAS PAVING,1,1,1,1,1,1,1,1,1,1,1
196,STAKER PARSON MATERIALS & CONSTRUCTION,0,0,0,0,0,0,0,0,0,0,0
197,POGUE CONSTRUCTION,1,0,0,0,0,0,0,0,0,0,0
198,HAWAIIAN DREDGING CONSTRUCTION,1,1,1,1,1,1,1,1,1,1,1
199,CALLAHAN,1,1,1,1,1,1,1,1,1,1,1
200,ZACHRY CONSTRUCTION,1,1,1,1,1,1,1,1,1,1,1
201,GRAYCOR,1,1,1,1,1,1,1,1,1,1,1
202,GE JOHNSON,1,0,0,0,0,0,0,0,0,0,0
203,C.W. DRIVER,0,0,0,0,0,0,0,0,0,0,0
204,MYCON GENERAL,1,0,0,0,0,0,0,0,0,0,0
205,MASCARO CONSTRUCTION,1,1,1,1,1,1,1,1,1,1,1
206,PARKWAY C&A,1,0,0,0,0,0,0,0,0,0,0
207,DOME CONSTRUCTION,1,0,0,0,0,0,0,0,0,0,0
208,SKYLINE CONSTRUCTION,1,1,1,1,1,1,1,1,1,1,1
209,ELFORD,0,0,0,0,0,0,0,0,0,0,0
210,DIMEO CONSTRUCTION,0,0,0,0,0,0,0,0,0,0,0
211,SLETTEN,1,1,1,1,1,1,1,1,1,1,1
212,DEACON CONSTRUCTION,1,1,1,1,1,1,1,1,1,1,1
213,IOVINO ENTERPRISES,1,0,0,0,0,0,0,0,0,0,0
214,J.P. CULLEN AND SONS,0,0,0,0,0,0,0,0,0,0,0
215,INDEPENDENCE CONSTRUCTION,1,1,1,1,1,1,1,1,1,1,1
216,BBL CONSTRUCTION,1,1,1,1,1,1,1,1,1,1,1
217,COMMODORE,1,1,1,1,1,1,1,1,1,1,1
218,MW BUILDERS,1,1,1,1,1,1,1,1,1,1,1
219,RIDGEMONT COMMERCIAL,1,0,0,0,0,0,0,0,0,0,0
220,WALSH CONSTRUCTION,1,1,1,1,1,1,1,1,1,1,1
221,VECELLIO GROUP,1,0,0,0,0,0,0,0,0,0,0
222,MILENDER WHITE,0,0,0,0,0,0,0,0,0,0,0
223,LEMOINE,1,1,1,1,1,1,1,1,1,1,1
224,PARSONS,1,1,1,1,1,1,1,1,1,1,1
225,CHINA CONSTRUCTION AMERICA,1,0,0,0,0,0,0,0,0,0,0
226,PIKE CONSTRUCTION,1,1,1,1,1,1,1,1,1,1,1
227,MIDDLESEX,0,1,1,1,1,1,1,1,1,1,1
228,KAUFMAN LYNN CONSTRUCTION,1,0,0,0,0,0,0,0,0,0,0
229,RAND CONSTRUCTION,1,1,1,1,1,1,1,1,1,1,1
230,PENNTEX CONSTRUCTION,1,0,0,0,0,0,0,0,0,0,0
231,BOH BROS. CONSTRUCTION,1,0,0,0,0,0,0,0,0,0,0
232,HOLT CONSTRUCTION,1,1,1,1,1,1,1,1,1,1,1
233,EDIFICE,1,1,1,1,1,1,1,1,1,1,1
234,R&O CONSTRUCTION,0,0,0,0,0,0,0,0,0,0,0
235,ELECTRICAL CONSULTANTS,1,1,1,1,1,1,1,1,1,1,1
236,W. M. JORDAN,0,0,0,0,0,0,0,0,0,0,0
237,BERNARDS,1,1,1,1,1,1,1,1,1,1,1
238,ARISTEO CONSTRUCTION,1,0,0,0,0,0,0,0,0,0,0
239,NEW SOUTH CONSTRUCTION,1,1,1,1,1,1,1,1,1,1,1
240,EMJ CONSTRUCTION,1,1,1,1,1,1,1,1,1,1,1
241,GRANGER CONSTRUCTION,1,1,1,1,1,1,1,1,1,1,1
242,CHASSE BUILDING TEAM,1,0,0,0,0,0,0,0,0,0,0
243,IDEAL CONTRACTING,1,1,1,1,1,1,1,1,1,1,1
244,GRUNLEY CONSTRUCTION,0,0,0,0,0,0,0,0,0,0,0
245,ANDRES CONSTRUCTION,1,1,1,1,1,1,1,1,1,1,1
246,NAN INC,0,1,1,1,1,1,1,1,1,1,1
247,BRANCH GROUP,1,1,1,1,1,1,1,1,1,1,1
248,IMC CONSTRUCTION,0,0,0,0,0,0,0,0,0,0,0
249,CARROLL DANIEL CONSTRUCTION,1,1,1,1,1,1,1,1,1,1,1
250,ENTACT,1,1,1,1,1,1,1,1,1,1,1
251,CSI CONSTRUCTION,1,1,1,1,1,1,1,1,1,1,1
252,HARKINS,1,1,1,1,1,1,1,1,1,1,1
253,O&G INDUSTRIES,0,0,0,0,0,0,0,0,0,0,0
254,J. FLETCHER CREAMER,1,0,0,0,0,0,0,0,0,0,0
255,CONTEGRA CONSTRUCTION,0,0,0,0,0,0,0,0,0,0,0
256,ALLIED POWER,1,0,0,0,0,0,0,0,0,0,0
257,CROWDER CONSTRUCTORS,1,0,0,0,0,0,0,0,0,0,0
258,SECURITY PAVING,1,0,0,0,0,0,0,0,0,0,0
259,MWH,1,1,1,1,1,1,1,1,1,1,1
260,KORTE,0,0,0,0,0,0,0,0,0,0,0
261,JUNEAU CONSTRUCTION,1,1,1,1,1,1,1,1,1,1,1
262,PC CONSTRUCTION,1,0,0,0,0,0,0,0,0,0,0
263,URBAN ATELIER,1,1,1,1,1,1,1,1,1,1,1
264,WIELAND,1,1,1,1,1,1,1,1,1,1,1
265,BULLEY & ANDREWS,0,0,0,0,0,0,0,0,0,0,0
266,DICK ANDERSON CONSTRUCTION,1,1,1,1,1,1,1,1,1,1,1
267,LYLES CONSTRUCTION,1,0,0,0,0,0,0,0,0,0,0
268,SHIEL SEXTON,0,0,0,0,0,0,0,0,0,0,0
269,ROCKFORD CONSTRUCTION,1,1,1,1,1,1,1,1,1,1,1
270,SUKUT CONSTRUCTION,1,1,1,1,1,1,1,1,1,1,1
271,NEXAMP,1,1,1,1,1,1,1,1,1,1,1
272,WOHLSEN CONSTRUCTION,1,1,1,1,1,1,1,1,1,1,1
273,FAGEN,0,0,0,0,0,0,0,0,0,0,0
274,CURRENT BUILDERS,1,0,0,0,0,0,0,0,0,0,0
275,HASELDEN CONSTRUCTION,1,0,0,0,0,0,0,0,0,0,0
276,CDM SMITH,1,1,1,1,1,1,1,1,1,1,1
277,SEMA CONSTRUCTION,1,1,1,1,1,1,1,1,1,1,1
278,RUSSELL GROUP,1,0,0,0,0,0,0,0,0,0,0
279,CAHILL CONTRACTORS,1,1,1,1,1,1,1,1,1,1,1
280,DRYMALLA CONSTRUCTION,1,1,1,1,1,1,1,1,1,1,1
281,FRANK L. BLUM CONSTRUCTION,0,0,0,0,0,0,0,0,0,0,0
282,CAJUN INDUSTRIES,1,1,1,1,1,1,1,1,1,1,1
283,DANIS,1,1,1,1,1,1,1,1,1,1,1
284,NIBBI BROS. ASSOCIATES,0,0,0,0,0,0,0,0,0,0,0
285,DEANGELIS DIAMOND CONSTRUCTION,1,0,0,0,0,0,0,0,0,0,0
286,TRITON CONSTRUCTION,1,1,1,1,1,1,1,1,1,1,1
287,SKENDER,1,1,1,1,1,1,1,1,1,1,1
288,RODGERS BUILDERS,1,1,1,1,1,1,1,1,1,1,1
289,LYDIG CONSTRUCTION,1,1,1,1,1,1,1,1,1,1,1
290,FRANA COMPANIES,1,1,1,1,1,1,1,1,1,1,1
291,PERNIX GROUP,0,0,0,0,0,0,0,0,0,0,0
292,SHELCO,1,1,1,1,1,1,1,1,1,1,1
293,SNYDER LANGSTON,1,0,0,0,0,0,0,0,0,0,0
294,MANSON CONSTRUCTION,1,1,1,1,1,1,1,1,1,1,1
295,C. OVERAA & CO,1,0,0,0,0,0,0,0,0,0,0
296,INTECH CONSTRUCTION,1,0,0,0,0,0,0,0,0,0,0
297,S. T. WOOTEN,0,0,0,0,0,0,0,0,0,0,0
298,KRAEMER NORTH AMERICA,0,0,0,0,0,0,0,0,0,0,0
299,HARPER CONSTRUCTION,1,0,0,0,0,0,0,0,0,0,0
300,BOWEN ENGINEERING,1,1,1,1,1,1,1,1,1,1,1
301,COLUMBIA,1,1,1,1,1,1,1,1,1,1,1
302,HARPER GENERAL,1,1,1,1,1,1,1,1,1,1,1
303,JPI,1,1,1,1,1,1,1,1,1,1,1
304,MARCH ASSOCIATES CONSTRUCTION,1,0,0,0,0,0,0,0,0,0,0
305,Q&D CONSTRUCTION,1,0,0,0,0,0,0,0,0,0,0
306,CLARK CONSTRUCTION,1,1,1,1,1,1,1,1,1,1,1
307,HAWKINS CONSTRUCTION,1,1,1,1,1,1,1,1,1,1,1
308,EXXEL PACIFIC,0,0,0,0,0,0,0,0,0,0,0
309,BETTE,0,0,0,0,0,0,0,0,0,0,0
310,POETTKER CONSTRUCTION,0,0,0,0,0,0,0,0,0,0,0
311,SCHIMENTI CONSTRUCTION,1,0,0,0,0,0,0,0,0,0,0
312,R.D. OLSON CONSTRUCTION,0,0,0,0,0,0,0,0,0,0,0
313,PIONEER GENERAL,1,1,1,1,1,1,1,1,1,1,1
314,HUNZINGER CONSTRUCTION,1,1,1,1,1,1,1,1,1,1,1
315,JIM COOPER CONSTRUCTION,1,0,0,0,0,0,0,0,0,0,0
316,M. B. KAHN CONSTRUCTION,0,0,0,0,0,0,0,0,0,0,0
317,BRADBURY STAMM CONSTRUCTION,1,1,1,1,1,1,1,1,1,1,1
318,SHOOK CONSTRUCTION,1,1,1,1,1,1,1,1,1,1,1
319,MILLER VALENTINE CONSTRUCTION,1,0,0,0,0,0,0,0,0,0,0
320,PLANT CONSTRUCTION,1,0,0,0,0,0,0,0,0,0,0
321,CR MEYER,1,1,1,1,1,1,1,1,1,1,1
322,DOSTER CONSTRUCTION,1,1,1,1,1,1,1,1,1,1,1
323,HAGERMAN GROUP,1,1,1,1,1,1,1,1,1,1,1
324,GARDNER BUILDERS,1,0,0,0,0,0,0,0,0,0,0
325,HILL & WILKINSON GENERAL,0,0,0,0,0,0,0,0,0,0,0
326,HOURIGAN,1,1,1,1,1,1,1,1,1,1,1
327,DONOHOE CONSTRUCTION,1,1,1,1,1,1,1,1,1,1,1
328,ABSHER CONSTRUCTION,1,1,1,1,1,1,1,1,1,1,1
329,RIVER CITY CONSTRUCTION,1,1,1,1,1,1,1,1,1,1,1
330,LEOPARDO COMPANIES,1,1,1,1,1,1,1,1,1,1,1
331,T N WARD,1,1,1,1,1,1,1,1,1,1,1
332,DENHAM-BLYTHE,1,1,1,1,1,1,1,1,1,1,1
333,KBE BUILDING,0,0,0,0,0,0,0,0,0,0,0
334,MARKET & JOHNSON,0,0,0,0,0,0,0,0,0,0,0
335,EXECUTIVE CONSTRUCTION,1,0,0,0,0,0,0,0,0,0,0
336,ALBERT C. KOBAYASHI,0,0,0,0,0,0,0,0,0,0,0
337,FORTUNE-JOHNSON,0,0,0,0,0,0,0,0,0,0,0
338,KLINGER,1,0,0,0,0,0,0,0,0,0,0
339,KBS,1,1,1,1,1,1,1,1,1,1,1
340,PRIMUS BUILDERS,1,0,0,0,0,0,0,0,0,0,0
341,GH PHIPPS CONSTRUCTION,1,1,1,1,1,1,1,1,1,1,1
342,TERMINAL CONSTRUCTION,1,1,1,1,1,1,1,1,1,1,1
343,WESPAC CONSTRUCTION,1,0,0,0,0,0,0,0,0,0,0
344,PERLO CONSTRUCTION,0,0,0,0,0,0,0,0,0,0,0
345,NEI GENERAL CONTRACTING,1,0,0,0,0,0,0,0,0,0,0
346,LEE KENNEDY,1,0,0,0,0,0,0,0,0,0,0
347,BERGLUND CONSTRUCTION,1,1,1,1,1,1,1,1,1,1,1
348,BUCH CONSTRUCTION,0,1,1,1,1,1,1,1,1,1,1
349,THOMPSON TURNER CONSTRUCTION,1,0,0,0,0,0,0,0,0,0,0
350,BLACH CONSTRUCTION,1,1,1,1,1,1,1,1,1,1,1
351,ROGER B. KENNEDY CONSTRUCTION,1,0,0,0,0,0,0,0,0,0,0
352,MOWERY,1,0,0,0,0,0,0,0,0,0,0
353,D.F. CHASE,0,0,0,0,0,0,0,0,0,0,0
354,HAYDON BUILDING,0,0,0,0,0,0,0,0,0,0,0
355,LANDSOUTH CONSTRUCTION,1,1,1,1,1,1,1,1,1,1,1
356,PENCE CONTRACTORS,1,0,0,0,0,0,0,0,0,0,0
357,BALDWIN & SHELL CONSTRUCTION,0,0,0,0,0,0,0,0,0,0,0
358,MATT CONSTRUCTION,1,0,0,0,0,0,0,0,0,0,0
359,WILLIAM A RANDOLPH,0,0,0,0,0,0,0,0,0,0,0
360,CF EVANS CONSTRUCTION,0,0,0,0,0,0,0,0,0,0,0
361,ROEBBELEN CONTRACTING,0,0,0,0,0,0,0,0,0,0,0
362,CCC GROUP,1,1,1,1,1,1,1,1,1,1,1
363,SEVENSON ENVIRONMENTAL,1,0,0,0,0,0,0,0,0,0,0
364,CHARLES PERRY PARTNERS,1,1,1,1,1,1,1,1,1,1,1
365,RABREN GENERAL,1,1,1,1,1,1,1,1,1,1,1
366,WORLEY,1,1,1,1,1,1,1,1,1,1,1
367,MORLEY BUILDERS,1,0,0,0,0,0,0,0,0,0,0
368,FONTAINE BROS,1,0,0,0,0,0,0,0,0,0,0
369,BARR & BARR,1,0,0,0,0,0,0,0,0,0,0
370,E.W. HOWELL,0,0,0,0,0,0,0,0,0,0,0
371,FORT MYER CONSTRUCTION,1,0,0,0,0,0,0,0,0,0,0
372,RONCELLI,1,1,1,1,1,1,1,1,1,1,1
373,GARCO CONSTRUCTION,1,0,0,0,0,0,0,0,0,0,0
374,CLARK CONTRACTORS,1,0,0,0,0,0,0,0,0,0,0
375,BRYAN CONSTRUCTION,1,1,1,1,1,1,1,1,1,1,1
376,BH INC,1,0,0,0,0,0,0,0,0,0,0
377,J.F. BRENNAN,1,0,0,0,0,0,0,0,0,0,0
378,BURKE CONSTRUCTION,1,1,1,1,1,1,1,1,1,1,1
379,AHTNA NETIFYE,1,0,0,0,0,0,0,0,0,0,0
380,S. M. WILSON,0,0,0,0,0,0,0,0,0,0,0
381,BELL & ASSOCIATES CONSTRUCTION,1,0,0,0,0,0,0,0,0,0,0
382,BYRNE CONSTRUCTION,1,1,1,1,1,1,1,1,1,1,1
383,BUTZ ENTERPRISES,1,0,0,0,0,0,0,0,0,0,0
384,W.G. CLARK CONSTRUCTION,0,0,0,0,0,0,0,0,0,0,0
385,PARRISH CONSTRUCTION,1,1,1,1,1,1,1,1,1,1,1
386,COAKLEY & WILLIAMS CONSTRUCTION,0,0,0,0,0,0,0,0,0,0,0
387,KEY CONSTRUCTION,1,1,1,1,1,1,1,1,1,1,1
388,DESCOR BUILDERS,1,0,0,0,0,0,0,0,0,0,0
389,GHILOTTI CONSTRUCTION,1,0,0,0,0,0,0,0,0,0,0
390,BUFFALO CONSTRUCTION,1,0,0,0,0,0,0,0,0,0,0
391,BROWN CONSTRUCTION,1,1,1,1,1,1,1,1,1,1,1
392,WILLIAMS INDUSTRIAL SERVICES,1,0,0,0,0,0,0,0,0,0,0
393,BARRY-WEHMILLER DESIGN,1,0,0,0,0,0,0,0,0,0,0
394,J.D. ECKMAN,0,0,0,0,0,0,0,0,0,0,0
395,WAGMAN CONSTRUCTION,1,1,1,1,1,1,1,1,1,1,1
396,A.R. MAYS CONSTRUCTION,0,0,0,0,0,0,0,0,0,0,0
397,EAGLE BUILDING,1,1,1,1,1,1,1,1,1,1,1
398,KIELY FAMILY,1,1,1,1,1,1,1,1,1,1,1
399,OMNIBUILD,0,0,0,0,0,0,0,0,0,0,0
400,P. AGNES,0,0,0,0,0,0,0,0,0,0,0
